thumb_mcp,thumb_ip,index_mcp,index_pip,index_dip,middle_mcp,middle_pip,middle_dip,ring_mcp,ring_pip,ring_dip,pinky_mcp,pinky_pip,pinky_dip,image
165.63175526432303,176.36959273243562,165.43210387577412,171.43495050142207,178.16897418610606,171.51433366341777,166.66326592756306,177.5319911900776,167.36591485813335,170.71710496967157,178.78986917047325,156.54614602905158,177.22758994598078,177.0163582970514,IMG_5457.JPG
165.25065237283627,171.23866413706776,146.08737726425602,174.80762431414823,175.29038722526766,155.3148219681612,167.34372731544568,171.73412735589633,166.93395288925421,169.30569773697792,176.44617894942192,162.7276935298094,177.93404566329127,174.25340059817867,IMG_5456.JPG
176.05487289912392,174.18364297493022,176.850312582493,177.9472288311196,175.72917020079626,174.8831902477637,176.382048359529,176.53927791134583,165.58466787113707,171.28843816238526,175.06468288276255,174.7382324294767,174.4891447736495,173.38747019395626,IMG_5454.JPG
165.57300307731572,177.05754721709914,153.26389238206306,173.587245566938,176.16479468271334,145.90816695284485,171.11438500502825,173.3552372478158,145.1876228887798,156.9299156081116,170.2067230781126,166.13159656564105,152.58672739493775,172.0335459093234,IMG_5455.JPG
161.91163203546884,164.543558127241,167.67722380552792,169.46250633958965,177.69088152290936,172.32567549153805,168.5127669159371,178.45387010083846,166.05412150303715,172.63681101204799,176.0134679023565,168.06885739648814,171.4934698524923,173.0849045768288,IMG_5458.JPG
